{
  "greeting": "Hello",
  "name": "Bhavya",
  "greetingText": "I wanted to take a moment to extend my best wishes to you.",
  "wishText": "Wishing you continued success and happiness in the year ahead, #Busy Person.",
  "imagePath": "img/neeraj_sir.png",
  "text1": "Today is your special day!",
  "textInChatBox": "Happy Birthday, Bhavya! Wishing you health, happiness, and fulfillment in all that you do.",
  "sendButtonLabel": "Send",
  "text2": "I hope this message brings a smile.",
  "text3": "Whether it's on the day or close to it,",
  "text4": "I truly wanted to share this with you because",
  "text4Adjective": "special",
  "text5Entry": "After all,",
  "text5Content": "You deserve all the joy, love, and blessings today and always. Have a beautiful birthday!",
  "smiley": ":)",
  "bigTextPart1": "H",
  "bigTextPart2": "BD",
  "wishHeading": "Happy Birthday!",
  "outroText": "Please let me know if this brought a smile to your face.",
  "replayText": "Or click here if you'd like to see it again.",
  "outroSmiley": ":)"
}
